experience,tes_score (out of 10),interview_score (out of 10),salary
2,8,7,869615.6113510125
3,9,8,1615486.3816400256
4,6,9,2537190.3372754063
5,8,8,2728857.6548973946
6,9,9,3474728.425186407
7,7,7,3587106.3499895465
8,9,8,4289018.823941967
9,9,9,5078847.890567572
10,6,9,5745429.268037737
